PassengerId,Age,Fare,FamilySize,Pclass,Sex,Embarked,Title_Name,Survived
693,25.0,56.4958,1,3,male,S,Mr,1
482,30.0,0.0,1,2,male,S,Mr,0
528,40.0,221.7792,1,1,male,S,Mr,0
856,18.0,9.35,2,3,female,S,Mrs,1
802,31.0,26.25,3,2,female,S,Mrs,1
653,21.0,8.4333,1,3,male,S,Mr,0
510,26.0,56.4958,1,3,male,S,Mr,1
558,40.0,227.525,1,1,male,C,Mr,0
829,25.0,7.75,1,3,male,Q,Mr,1
19,31.0,18.0,2,3,female,S,Mrs,0
648,56.0,35.5,1,1,male,C,Others,1
403,21.0,9.825,2,3,female,S,Miss,0
847,25.0,69.55,11,3,male,S,Mr,0
468,56.0,26.55,1,1,male,S,Mr,0
52,21.0,7.8,1,3,male,S,Mr,0
413,33.0,90.0,2,1,female,Q,Miss,1
422,21.0,7.7333,1,3,male,Q,Mr,0
251,25.0,7.25,1,3,male,S,Mr,0
819,43.0,6.45,1,3,male,S,Mr,0
410,21.5,25.4667,5,3,female,S,Miss,0
254,30.0,16.1,2,3,male,S,Mr,0
219,32.0,76.2917,1,1,female,C,Miss,1
257,35.0,79.2,1,1,female,C,Mrs,1
227,19.0,10.5,1,2,male,S,Mr,1
295,24.0,7.8958,1,3,male,S,Mr,0
707,45.0,13.5,1,2,female,S,Mrs,1
754,23.0,7.8958,1,3,male,S,Mr,0
198,42.0,8.4042,2,3,male,S,Mr,0
836,39.0,83.1583,3,1,female,C,Miss,1
221,16.0,8.05,1,3,male,S,Mr,1
740,25.0,7.8958,1,3,male,S,Mr,0
34,66.0,10.5,1,2,male,S,Mr,0
431,28.0,26.55,1,1,male,S,Mr,1
151,51.0,12.525,1,2,male,S,Others,0
587,47.0,15.0,1,2,male,S,Mr,0
205,18.0,8.05,1,3,male,S,Mr,1
345,36.0,13.0,1,2,male,S,Mr,0
748,30.0,13.0,1,2,female,S,Miss,1
324,22.0,29.0,3,2,female,S,Mrs,1
265,21.5,7.75,1,3,female,Q,Miss,0
135,25.0,13.0,1,2,male,S,Mr,0
833,25.0,7.2292,1,3,male,C,Mr,0
191,32.0,13.0,1,2,female,S,Mrs,1
108,25.0,7.775,1,3,male,S,Mr,1
193,19.0,7.8542,2,3,female,S,Miss,1
450,52.0,30.5,1,1,male,S,Others,1
97,71.0,34.6542,1,1,male,C,Mr,0
383,32.0,7.925,1,3,male,S,Mr,0
716,19.0,7.65,1,3,male,S,Mr,0
365,25.0,15.5,2,3,male,Q,Mr,0
475,22.0,9.8375,1,3,female,S,Miss,0
435,50.0,55.9,2,1,male,S,Mr,0
64,4.0,27.9,6,3,male,S,Master,0
764,36.0,120.0,4,1,female,S,Mrs,1
749,19.0,53.1,2,1,male,S,Mr,0
843,30.0,31.0,1,1,female,C,Miss,1
644,25.0,56.4958,1,3,male,S,Mr,1
366,30.0,7.25,1,3,male,S,Mr,0
495,21.0,8.05,1,3,male,S,Mr,0
309,30.0,24.0,2,2,male,C,Mr,0
652,18.0,23.0,2,2,female,S,Miss,1
303,19.0,0.0,1,3,male,S,Mr,0
717,38.0,227.525,1,1,female,C,Miss,1
820,10.0,27.9,6,3,male,S,Master,0
733,30.0,0.0,1,2,male,S,Mr,0
252,29.0,10.4625,3,3,female,S,Mrs,0
155,25.0,7.3125,1,3,male,S,Mr,0
404,28.0,15.85,2,3,male,S,Mr,0
611,39.0,31.275,7,3,female,S,Mrs,0
206,2.0,10.4625,2,3,female,S,Miss,0
220,30.0,10.5,1,2,male,S,Mr,0
694,25.0,7.225,1,3,male,C,Mr,0
687,14.0,39.6875,6,3,male,S,Mr,0
384,35.0,52.0,2,1,female,S,Mrs,1
551,17.0,110.8833,3,1,male,C,Mr,1
469,25.0,7.725,1,3,male,Q,Mr,0
655,18.0,6.75,1,3,female,Q,Miss,0
650,23.0,7.55,1,3,female,S,Miss,1
483,50.0,8.05,1,3,male,S,Mr,0
743,21.0,262.375,5,1,female,C,Miss,1
196,58.0,146.5208,1,1,female,C,Miss,1
44,3.0,41.5792,4,2,female,C,Miss,1
447,13.0,19.5,2,2,female,S,Miss,1
627,57.0,12.35,1,2,male,Q,Others,0
792,16.0,26.0,1,2,male,S,Mr,0
33,21.5,7.75,1,3,female,Q,Miss,1
685,60.0,39.0,3,2,male,S,Mr,0
374,22.0,135.6333,1,1,male,C,Mr,0
419,30.0,13.0,1,2,male,S,Mr,0
845,17.0,8.6625,1,3,male,S,Mr,0
795,25.0,7.8958,1,3,male,S,Mr,0
822,27.0,8.6625,1,3,male,S,Mr,1
180,36.0,0.0,1,3,male,S,Mr,0
416,21.5,8.05,1,3,female,S,Mrs,0
368,21.5,7.2292,1,3,female,C,Mrs,1
714,29.0,9.4833,1,3,male,S,Mr,0
538,30.0,106.425,1,1,female,C,Miss,1
78,25.0,8.05,1,3,male,S,Mr,0
156,51.0,61.3792,2,1,male,C,Mr,0
157,16.0,7.7333,1,3,female,Q,Miss,1
369,21.5,7.75,1,3,female,Q,Miss,1
382,1.0,15.7417,3,3,female,C,Miss,1
396,22.0,7.7958,1,3,male,S,Mr,0
129,21.5,22.3583,3,3,female,C,Miss,1
279,7.0,29.125,6,3,male,Q,Master,0
299,40.0,30.5,1,1,male,S,Mr,1
215,25.0,7.75,2,3,male,Q,Mr,0
810,33.0,53.1,2,1,female,S,Mrs,1
51,7.0,39.6875,6,3,male,S,Master,0
891,32.0,7.75,1,3,male,Q,Mr,0
724,50.0,13.0,1,2,male,S,Mr,0
233,59.0,13.5,1,2,male,S,Mr,0
35,28.0,82.1708,2,1,male,C,Mr,0
46,25.0,8.05,1,3,male,S,Mr,0
695,60.0,26.55,1,1,male,S,Others,0
115,17.0,14.4583,1,3,female,C,Miss,0
123,32.5,30.0708,2,2,male,C,Mr,0
628,21.0,77.9583,1,1,female,S,Miss,1
262,3.0,31.3875,7,3,male,S,Master,1
239,19.0,10.5,1,2,male,S,Mr,0
438,24.0,18.75,6,2,female,S,Mrs,1
586,18.0,79.65,3,1,female,S,Miss,1
797,49.0,25.9292,1,1,female,S,Others,1
255,41.0,20.2125,3,3,female,S,Mrs,0
287,30.0,9.5,1,3,male,S,Mr,1
95,59.0,7.25,1,3,male,S,Mr,0
692,4.0,13.4167,2,3,female,C,Miss,1
141,21.5,15.2458,3,3,female,C,Mrs,0
407,51.0,7.75,1,3,male,S,Mr,0
441,45.0,26.25,3,2,female,S,Mrs,1
425,18.0,20.2125,3,3,male,S,Mr,0
793,21.5,69.55,11,3,female,S,Miss,0
613,21.5,15.5,2,3,female,Q,Miss,1
849,28.0,33.0,2,2,male,S,Others,0
153,55.5,8.05,1,3,male,S,Mr,0
119,24.0,247.5208,2,1,male,C,Mr,0
634,40.0,0.0,1,1,male,S,Mr,0
348,21.5,16.1,2,3,female,S,Mrs,1
784,25.0,23.45,4,3,male,S,Mr,0
160,25.0,69.55,11,3,male,S,Master,0
134,29.0,26.0,2,2,female,S,Mrs,1
269,58.0,153.4625,2,1,female,S,Mrs,1
3,26.0,7.925,1,3,female,S,Miss,1
524,44.0,57.9792,2,1,female,C,Mrs,1
599,25.0,7.225,1,3,male,C,Mr,0
770,32.0,8.3625,1,3,male,S,Mr,0
620,26.0,10.5,1,2,male,S,Mr,0
575,16.0,8.05,1,3,male,S,Mr,0
380,19.0,7.775,1,3,male,S,Mr,0
657,25.0,7.8958,1,3,male,S,Mr,0
772,48.0,7.8542,1,3,male,S,Mr,0
261,25.0,7.75,1,3,male,Q,Mr,0
481,9.0,46.9,8,3,male,S,Master,0
231,35.0,83.475,2,1,female,S,Mrs,1
126,12.0,11.2417,2,3,male,C,Master,1
397,31.0,7.8542,1,3,female,S,Miss,0
867,27.0,13.8583,2,2,female,C,Miss,1
780,43.0,211.3375,2,1,female,S,Mrs,1
768,30.5,7.75,1,3,female,Q,Miss,0
462,34.0,8.05,1,3,male,S,Mr,0
467,30.0,0.0,1,2,male,S,Mr,0
735,23.0,13.0,1,2,male,S,Mr,0
395,24.0,16.7,3,3,female,S,Mrs,1
706,39.0,26.0,1,2,male,S,Mr,0
346,24.0,13.0,1,2,female,S,Miss,1
553,25.0,7.8292,1,3,male,Q,Mr,0
470,0.75,19.2583,4,3,female,C,Miss,1
723,34.0,13.0,1,2,male,S,Mr,0
351,23.0,9.225,1,3,male,S,Mr,0
433,42.0,26.0,2,2,female,S,Mrs,1
6,25.0,8.4583,1,3,male,Q,Mr,0
589,22.0,8.05,1,3,male,S,Mr,0
79,0.83,29.0,3,2,male,S,Master,1
236,21.5,7.55,1,3,female,S,Miss,0
696,52.0,13.5,1,2,male,S,Mr,0
722,17.0,7.0542,2,3,male,S,Mr,0
454,49.0,89.1042,2,1,male,C,Mr,1
415,44.0,7.925,1,3,male,S,Mr,1
752,6.0,12.475,2,3,male,S,Master,1
546,64.0,26.0,1,1,male,S,Mr,0
808,18.0,7.775,1,3,female,S,Miss,0
576,19.0,14.5,1,3,male,S,Mr,0
94,26.0,20.575,4,3,male,S,Mr,0
315,43.0,26.25,3,2,male,S,Mr,0
518,25.0,24.15,1,3,male,Q,Mr,0
817,23.0,7.925,1,3,female,S,Miss,0
267,16.0,39.6875,6,3,male,S,Mr,0
541,36.0,71.0,3,1,female,S,Miss,1
357,22.0,55.0,2,1,female,S,Miss,1
878,19.0,7.8958,1,3,male,S,Mr,0
359,21.5,7.8792,1,3,female,Q,Miss,1
874,47.0,9.0,1,3,male,S,Mr,0
162,40.0,15.75,1,2,female,S,Mrs,1
114,20.0,9.825,2,3,female,S,Miss,0
519,36.0,26.0,2,2,female,S,Mrs,1
176,18.0,7.8542,3,3,male,S,Mr,0
758,18.0,11.5,1,2,male,S,Mr,0
75,32.0,56.4958,1,3,male,S,Mr,1
131,33.0,7.8958,1,3,male,C,Mr,0
605,35.0,26.55,1,1,male,C,Mr,1
439,64.0,263.0,6,1,male,S,Mr,0
263,52.0,79.65,3,1,male,S,Mr,0
859,24.0,19.2583,4,3,female,C,Mrs,1
327,61.0,6.2375,1,3,male,S,Mr,0
235,24.0,10.5,1,2,male,S,Mr,0
669,43.0,8.05,1,3,male,S,Mr,0
517,34.0,10.5,1,2,female,S,Mrs,1
484,63.0,9.5875,1,3,female,S,Mrs,1
642,24.0,69.3,1,1,female,C,Others,1
2,38.0,71.2833,2,1,female,C,Mrs,1
492,21.0,7.25,1,3,male,S,Mr,0
857,45.0,164.8667,3,1,female,S,Mrs,1
87,16.0,34.375,5,3,male,S,Mr,0
665,20.0,7.925,2,3,male,S,Mr,1
182,30.0,15.05,1,2,male,C,Mr,0
639,41.0,39.6875,6,3,female,S,Mrs,0
214,30.0,13.0,1,2,male,S,Mr,0
91,29.0,8.05,1,3,male,S,Mr,0
375,3.0,21.075,5,3,female,S,Miss,0
194,3.0,26.0,3,2,male,S,Master,1
250,54.0,26.0,2,2,male,S,Others,0
393,28.0,7.925,3,3,male,S,Mr,0
664,36.0,7.4958,1,3,male,S,Mr,0
461,48.0,26.55,1,1,male,S,Mr,1
798,31.0,8.6833,1,3,female,S,Mrs,1
871,26.0,7.8958,1,3,male,S,Mr,0
177,25.0,25.4667,5,3,male,S,Master,0
804,0.42,8.5167,2,3,male,C,Master,1
247,25.0,7.775,1,3,female,S,Miss,0
476,40.0,52.0,1,1,male,S,Mr,0
472,38.0,8.6625,1,3,male,S,Mr,0
122,25.0,8.05,1,3,male,S,Mr,0
710,25.0,15.2458,3,3,male,C,Master,1
353,15.0,7.2292,3,3,male,C,Mr,0
21,35.0,26.0,1,2,male,S,Mr,0
668,25.0,7.775,1,3,male,S,Mr,0
140,24.0,79.2,1,1,male,C,Mr,0
584,36.0,40.125,1,1,male,C,Mr,0
555,22.0,7.775,1,3,female,S,Miss,1
661,50.0,133.65,3,1,male,S,Others,1
614,25.0,7.75,1,3,male,Q,Mr,0
204,45.5,7.225,1,3,male,C,Mr,0
720,33.0,7.775,1,3,male,S,Mr,0
647,19.0,7.8958,1,3,male,S,Mr,0
229,18.0,13.0,1,2,male,S,Mr,0
209,16.0,7.75,1,3,female,Q,Miss,1
741,40.0,30.0,1,1,male,S,Mr,1
840,40.0,29.7,1,1,male,C,Mr,1
646,48.0,76.7292,2,1,male,C,Mr,1
522,22.0,7.8958,1,3,male,S,Mr,0
783,29.0,30.0,1,1,male,S,Mr,0
169,40.0,25.925,1,1,male,S,Mr,0
333,38.0,153.4625,2,1,male,S,Mr,0
697,44.0,8.05,1,3,male,S,Mr,0
408,3.0,18.75,3,2,male,S,Master,1
701,18.0,227.525,2,1,female,C,Mrs,1
506,18.0,108.9,2,1,male,C,Mr,0
769,25.0,24.15,2,3,male,Q,Mr,0
8,2.0,21.075,5,3,male,S,Master,0
738,35.0,512.3292,1,1,male,C,Mr,1
852,74.0,7.775,1,3,male,S,Mr,0
674,31.0,13.0,1,2,male,S,Mr,1
736,28.5,16.1,1,3,male,S,Mr,0
175,56.0,30.6958,1,1,male,C,Mr,0
705,26.0,7.8542,2,3,male,S,Mr,0
570,32.0,7.8542,1,3,male,S,Mr,1
37,25.0,7.2292,1,3,male,C,Mr,1
210,40.0,31.0,1,1,male,C,Mr,1
682,27.0,76.7292,1,1,male,C,Mr,1
719,25.0,15.5,1,3,male,Q,Mr,0
109,38.0,7.8958,1,3,male,S,Mr,0
165,1.0,39.6875,6,3,male,S,Master,0
675,30.0,0.0,1,2,male,S,Mr,0
389,25.0,7.7292,1,3,male,Q,Mr,0
756,0.67,14.5,3,2,male,S,Master,1
47,25.0,15.5,2,3,male,Q,Mr,0
480,2.0,12.2875,2,3,female,S,Miss,1
678,18.0,9.8417,1,3,female,S,Miss,1
766,51.0,77.9583,2,1,female,S,Mrs,1
362,29.0,27.7208,2,2,male,C,Mr,0
598,49.0,0.0,1,3,male,S,Mr,0
771,24.0,9.5,1,3,male,S,Mr,0
329,31.0,20.525,3,3,female,S,Mrs,1
277,45.0,7.75,1,3,female,S,Miss,0
637,32.0,7.925,1,3,male,S,Mr,0
703,18.0,14.4542,2,3,female,C,Miss,0
855,44.0,26.0,2,2,female,S,Mrs,0
872,47.0,52.5542,3,1,female,S,Mrs,1
149,36.5,26.0,3,2,male,S,Mr,0
179,30.0,13.0,1,2,male,S,Mr,0
718,27.0,10.5,1,2,female,S,Miss,1
82,29.0,9.5,1,3,male,S,Mr,1
494,71.0,49.5042,1,1,male,C,Mr,0
821,52.0,93.5,3,1,female,S,Mrs,1
679,43.0,46.9,8,3,female,S,Mrs,0
288,22.0,7.8958,1,3,male,S,Mr,0
331,21.5,23.25,3,3,female,Q,Miss,1
167,35.0,55.0,2,1,female,S,Mrs,1
629,26.0,7.8958,1,3,male,S,Mr,0
730,25.0,7.925,2,3,female,S,Miss,0
816,40.0,0.0,1,1,male,S,Mr,0
319,31.0,164.8667,3,1,female,S,Miss,1
339,45.0,8.05,1,3,male,S,Mr,1
321,22.0,7.25,1,3,male,S,Mr,0
53,49.0,76.7292,2,1,female,C,Mrs,1
609,22.0,41.5792,4,2,female,C,Mrs,1
185,4.0,22.025,3,3,female,S,Miss,1
256,29.0,15.2458,3,3,female,C,Mrs,1
801,34.0,13.0,1,2,male,S,Mr,0
863,48.0,25.9292,1,1,female,S,Mrs,1
42,27.0,21.0,2,2,female,S,Mrs,0
514,54.0,59.4,2,1,female,C,Mrs,1
548,30.0,13.8625,1,2,male,C,Mr,1
547,19.0,26.0,2,2,female,S,Mrs,1
152,22.0,66.6,2,1,female,S,Mrs,1
332,45.5,28.5,1,1,male,S,Mr,0
65,40.0,27.7208,1,1,male,C,Mr,0
834,23.0,7.8542,1,3,male,S,Mr,0
489,30.0,8.05,1,3,male,S,Mr,0
532,25.0,7.2292,1,3,male,C,Mr,0
406,34.0,21.0,2,2,male,S,Mr,0
745,31.0,7.925,1,3,male,S,Mr,1
202,25.0,69.55,11,3,male,S,Mr,0
361,40.0,27.9,6,3,male,S,Mr,0
48,21.5,7.75,1,3,female,Q,Miss,1
71,32.0,10.5,1,2,male,S,Mr,0
683,20.0,9.225,1,3,male,S,Mr,0
378,27.0,211.5,3,1,male,C,Mr,0
124,32.5,13.0,1,2,female,S,Miss,1
195,44.0,27.7208,1,1,female,C,Mrs,1
136,23.0,15.0458,1,2,male,C,Mr,0
617,34.0,14.4,3,3,male,S,Mr,0
544,32.0,26.0,2,2,male,S,Mr,1
446,4.0,81.8583,3,1,male,S,Master,1
120,2.0,31.275,7,3,female,S,Miss,0
414,30.0,0.0,1,2,male,S,Mr,0
344,25.0,13.0,1,2,male,S,Mr,0
90,24.0,8.05,1,3,male,S,Mr,0
837,21.0,8.6625,1,3,male,S,Mr,0
440,31.0,10.5,1,2,male,S,Mr,0
318,54.0,14.0,1,2,male,S,Others,0
86,33.0,15.85,4,3,female,S,Mrs,1
734,23.0,13.0,1,2,male,S,Mr,0
146,19.0,36.75,3,2,male,S,Mr,0
281,65.0,7.75,1,3,male,Q,Mr,0
491,25.0,19.9667,2,3,male,S,Mr,0
866,42.0,13.0,1,2,female,S,Mrs,1
145,18.0,11.5,1,2,male,S,Mr,0
222,27.0,13.0,1,2,male,S,Mr,0
125,54.0,77.2875,2,1,male,S,Mr,0
525,25.0,7.2292,1,3,male,C,Mr,0
111,47.0,52.0,1,1,male,S,Mr,0
60,11.0,46.9,8,3,male,S,Master,0
121,21.0,73.5,3,2,male,S,Mr,0
243,29.0,10.5,1,2,male,S,Mr,0
812,39.0,24.15,1,3,male,S,Mr,0
886,39.0,29.125,6,3,female,Q,Mrs,0
606,36.0,15.55,2,3,male,S,Mr,0
308,17.0,108.9,2,1,female,C,Mrs,1
159,25.0,8.6625,1,3,male,S,Mr,0
543,11.0,31.275,7,3,female,S,Miss,0
133,47.0,14.5,2,3,female,S,Mrs,0
285,40.0,26.0,1,1,male,S,Mr,0
26,38.0,31.3875,7,3,female,S,Mrs,1
304,28.0,12.35,1,2,female,Q,Miss,1
888,19.0,30.0,1,1,female,S,Miss,1
557,48.0,39.6,2,1,female,C,Others,1
779,25.0,7.7375,1,3,male,Q,Mr,0
32,35.0,146.5208,2,1,female,C,Mrs,1
264,40.0,0.0,1,1,male,S,Mr,0
806,31.0,7.775,1,3,male,S,Mr,0
25,8.0,21.075,5,3,female,S,Miss,0
208,26.0,18.7875,1,3,male,C,Mr,1
656,24.0,73.5,3,2,male,S,Mr,0
61,22.0,7.2292,1,3,male,C,Mr,0
751,4.0,23.0,3,2,female,S,Miss,1
188,45.0,26.55,1,1,male,S,Mr,1
381,42.0,227.525,1,1,female,C,Miss,1
633,32.0,30.5,1,1,male,C,Others,1
223,51.0,8.05,1,3,male,S,Mr,0
112,14.5,14.4542,2,3,female,C,Miss,0
612,25.0,7.05,1,3,male,S,Mr,0
621,27.0,14.4542,2,3,male,C,Mr,0
712,40.0,26.55,1,1,male,S,Mr,0
788,8.0,29.125,6,3,male,Q,Master,0
218,42.0,27.0,2,2,male,S,Mr,0
320,40.0,134.5,3,1,female,C,Mrs,1
234,5.0,31.3875,7,3,female,S,Miss,1
607,30.0,7.8958,1,3,male,S,Mr,0
275,21.5,7.75,1,3,female,Q,Miss,1
172,4.0,29.125,6,3,male,Q,Master,0
832,0.83,18.75,3,2,male,S,Master,1
427,28.0,26.0,2,2,female,S,Mrs,1
379,20.0,4.0125,1,3,male,C,Mr,0
27,25.0,7.225,1,3,male,C,Mr,0
794,40.0,30.6958,1,1,male,C,Mr,0
164,17.0,8.6625,1,3,male,S,Mr,0
585,25.0,8.7125,1,3,male,C,Mr,0
232,29.0,7.775,1,3,male,S,Mr,0
591,35.0,7.125,1,3,male,S,Mr,0
814,6.0,31.275,7,3,female,S,Miss,0
45,19.0,7.8792,1,3,female,Q,Miss,1
624,21.0,7.8542,1,3,male,S,Mr,0
877,20.0,9.8458,1,3,male,S,Mr,0
536,7.0,26.25,3,2,female,S,Miss,1
401,39.0,7.925,1,3,male,S,Mr,1
74,26.0,14.4542,2,3,male,C,Mr,0
363,45.0,14.4542,2,3,female,C,Mrs,0
549,33.0,20.525,3,3,male,S,Mr,0
341,2.0,26.0,3,2,male,S,Master,1
850,35.0,89.1042,2,1,female,C,Mrs,1
618,26.0,16.1,2,3,female,S,Mrs,0
839,32.0,56.4958,1,3,male,S,Mr,1
270,35.0,135.6333,1,1,female,S,Miss,1
424,28.0,14.4,3,3,female,S,Mrs,0
14,39.0,31.275,7,3,male,S,Mr,0
356,28.0,9.5,1,3,male,S,Mr,0
274,37.0,29.7,2,1,male,C,Mr,0
426,25.0,7.25,1,3,male,S,Mr,0
851,4.0,31.275,7,3,male,S,Master,0
98,23.0,63.3583,2,1,male,C,Mr,1
466,38.0,7.05,1,3,male,S,Mr,0
785,25.0,7.05,1,3,male,S,Mr,0
67,29.0,10.5,1,2,female,S,Mrs,1
7,54.0,51.8625,1,1,male,S,Mr,0
248,24.0,14.5,3,2,female,S,Mrs,1
314,28.0,7.8958,1,3,male,S,Mr,0
534,21.5,22.3583,3,3,female,C,Mrs,1
15,14.0,7.8542,1,3,female,S,Miss,0
273,41.0,19.5,2,2,female,S,Mrs,1
539,25.0,14.5,1,3,male,S,Mr,0
527,50.0,10.5,1,2,female,S,Miss,1
569,25.0,7.2292,1,3,male,C,Mr,0
409,21.0,7.775,1,3,male,S,Mr,0
540,22.0,49.5,3,1,female,C,Miss,1
515,24.0,7.4958,1,3,male,S,Mr,0
57,21.0,10.5,1,2,female,S,Miss,1
632,51.0,7.0542,1,3,male,S,Mr,0
601,24.0,27.0,4,2,female,S,Mrs,1
192,19.0,13.0,1,2,male,S,Mr,0
113,22.0,8.05,1,3,male,S,Mr,0
171,61.0,33.5,1,1,male,S,Mr,0
465,25.0,8.05,1,3,male,S,Mr,0
688,19.0,10.1708,1,3,male,S,Mr,0
96,25.0,8.05,1,3,male,S,Mr,0
290,22.0,7.75,1,3,female,Q,Miss,1
509,28.0,22.525,1,3,male,S,Mr,0
775,54.0,23.0,5,2,female,S,Mrs,1
762,41.0,7.125,1,3,male,S,Mr,0
58,28.5,7.2292,1,3,male,C,Mr,0
421,25.0,7.8958,1,3,male,C,Mr,0
862,21.0,11.5,2,2,male,S,Mr,0
671,40.0,39.0,3,2,female,S,Mrs,1
266,36.0,10.5,1,2,male,S,Mr,0
54,29.0,26.0,2,2,female,S,Mrs,1
831,15.0,14.4542,2,3,female,C,Mrs,1
526,40.5,7.75,1,3,male,Q,Mr,0
511,29.0,7.75,1,3,male,Q,Mr,1
507,33.0,26.0,3,2,female,S,Mrs,1
373,19.0,8.05,1,3,male,S,Mr,0
813,35.0,10.5,1,2,male,S,Mr,0
312,18.0,262.375,5,1,female,C,Miss,1
50,18.0,17.8,2,3,female,S,Mrs,0
603,40.0,42.4,1,1,male,S,Mr,0
630,25.0,7.7333,1,3,male,Q,Mr,0
590,25.0,8.05,1,3,male,S,Mr,0
103,21.0,77.2875,2,1,male,S,Mr,0
654,21.5,7.8292,1,3,female,Q,Miss,1
582,39.0,110.8833,3,1,female,C,Mrs,1
641,20.0,7.8542,1,3,male,S,Mr,0
488,58.0,29.7,1,1,male,C,Mr,0
600,49.0,56.9292,2,1,male,C,Others,1
449,5.0,19.2583,4,3,female,C,Miss,1
559,39.0,79.65,3,1,female,S,Mrs,1
501,17.0,8.6625,1,3,male,S,Mr,0
55,65.0,61.9792,2,1,male,C,Mr,0
335,35.0,133.65,2,1,female,S,Mrs,1
307,35.0,110.8833,1,1,female,C,Miss,1
38,21.0,8.05,1,3,male,S,Mr,0
868,31.0,50.4958,1,1,male,S,Mr,0
580,32.0,7.925,1,3,male,S,Mr,1
796,39.0,13.0,1,2,male,S,Mr,0
13,20.0,8.05,1,3,male,S,Mr,0
22,34.0,13.0,1,2,male,S,Mr,1
663,47.0,25.5875,1,1,male,S,Mr,0
513,36.0,26.2875,1,1,male,S,Mr,1
625,21.0,16.1,1,3,male,S,Mr,0
455,25.0,8.05,1,3,male,S,Mr,0
336,25.0,7.8958,1,3,male,S,Mr,0
535,30.0,8.6625,1,3,female,S,Miss,0
77,25.0,7.8958,1,3,male,S,Mr,0
523,25.0,7.225,1,3,male,C,Mr,0
104,33.0,8.6542,1,3,male,S,Mr,0
310,30.0,56.9292,1,1,female,C,Miss,1
184,1.0,39.0,4,2,male,S,Master,1
405,20.0,8.6625,1,3,female,S,Miss,0
417,34.0,32.5,3,2,female,S,Mrs,1
340,45.0,35.5,1,1,male,S,Mr,0
328,36.0,13.0,1,2,female,S,Mrs,1
529,39.0,7.925,1,3,male,S,Mr,0
623,20.0,15.7417,3,3,male,C,Mr,1
844,34.5,6.4375,1,3,male,C,Mr,0
201,28.0,9.5,1,3,male,S,Mr,0
302,25.0,23.25,3,3,male,Q,Mr,1
305,25.0,8.05,1,3,male,S,Mr,0
420,10.0,24.15,3,3,female,S,Miss,0
853,9.0,15.2458,3,3,female,C,Miss,0
102,25.0,7.8958,1,3,male,S,Mr,0
228,20.5,7.25,1,3,male,S,Mr,0
670,35.0,52.0,2,1,female,S,Mrs,1
326,36.0,135.6333,1,1,female,C,Miss,1
838,25.0,8.05,1,3,male,S,Mr,0
649,25.0,7.55,1,3,male,S,Mr,0
726,20.0,8.6625,1,3,male,S,Mr,0
883,22.0,10.5167,1,3,female,S,Miss,0
809,39.0,13.0,1,2,male,S,Mr,0
504,37.0,9.5875,1,3,female,S,Miss,0
755,48.0,65.0,4,2,female,S,Mrs,1
659,23.0,13.0,1,2,male,S,Mr,0
728,21.5,7.7375,1,3,female,Q,Miss,1
673,70.0,10.5,1,2,male,S,Mr,0
658,32.0,15.5,3,3,female,Q,Mrs,0
747,16.0,20.25,3,3,male,S,Mr,0
73,21.0,73.5,1,2,male,S,Mr,0
471,25.0,7.25,1,3,male,S,Mr,0
150,42.0,13.0,1,2,male,S,Others,0
500,24.0,7.7958,1,3,male,S,Mr,0
142,22.0,7.75,1,3,female,S,Miss,1
662,40.0,7.225,1,3,male,C,Mr,0
306,0.92,151.55,4,1,male,S,Master,1
286,33.0,8.6625,1,3,male,C,Mr,0
676,18.0,7.775,1,3,male,S,Mr,0
170,28.0,56.4958,1,3,male,S,Mr,0
595,37.0,26.0,2,2,male,S,Mr,0
778,5.0,12.475,1,3,female,S,Miss,1
781,13.0,7.2292,1,3,female,C,Miss,1
552,27.0,26.0,1,2,male,S,Mr,0
358,38.0,13.0,1,2,female,S,Miss,0
846,42.0,7.55,1,3,male,S,Mr,0
349,3.0,15.9,3,3,male,S,Master,1
400,28.0,12.65,1,2,female,S,Mrs,1
300,50.0,247.5208,2,1,female,C,Mrs,1
858,51.0,26.55,1,1,male,S,Mr,1
860,25.0,7.2292,1,3,male,C,Mr,0
291,26.0,78.85,1,1,female,S,Miss,1
651,25.0,7.8958,1,3,male,S,Mr,0
711,24.0,49.5042,1,1,female,C,Others,1
622,42.0,52.5542,2,1,male,S,Mr,1
708,42.0,26.2875,1,1,male,S,Mr,1
385,25.0,7.8958,1,3,male,S,Mr,0
451,36.0,27.75,4,2,male,S,Mr,0
137,19.0,26.2833,3,1,female,S,Miss,1
864,21.5,69.55,11,3,female,S,Miss,0
457,65.0,26.55,1,1,male,S,Mr,0
23,15.0,8.0292,1,3,female,Q,Miss,1
20,21.5,7.225,1,3,female,C,Mrs,1
790,46.0,79.2,1,1,male,C,Mr,0
84,28.0,47.1,1,1,male,S,Mr,0
260,50.0,26.0,2,2,female,S,Mrs,1
292,19.0,91.0792,2,1,female,C,Mrs,1
110,21.5,24.15,2,3,female,Q,Miss,1
371,25.0,55.4417,2,1,male,C,Mr,1
830,62.0,80.0,1,1,female,S,Mrs,1
725,27.0,53.1,2,1,male,S,Mr,1
487,35.0,90.0,2,1,female,S,Mrs,1
498,25.0,15.1,1,3,male,S,Mr,0
700,42.0,7.65,1,3,male,S,Mr,0
43,25.0,7.8958,1,3,male,C,Mr,0
458,35.0,51.8625,2,1,female,S,Mrs,1
211,24.0,7.05,1,3,male,S,Mr,0
128,24.0,7.1417,1,3,male,S,Mr,1
619,4.0,39.0,4,2,female,S,Miss,1
444,28.0,13.0,1,2,female,S,Miss,1
386,18.0,73.5,1,2,male,S,Mr,0
9,27.0,11.1333,3,3,female,S,Mrs,1
767,40.0,39.6,1,1,male,C,Others,0
684,14.0,46.9,8,3,male,S,Mr,0
875,28.0,24.0,2,2,female,C,Mrs,1
226,22.0,9.35,1,3,male,S,Mr,0
249,37.0,52.5542,3,1,male,S,Mr,1
593,47.0,7.25,1,3,male,S,Mr,0
761,25.0,14.5,1,3,male,S,Mr,0
343,28.0,13.0,1,2,male,S,Mr,0
596,36.0,24.15,3,3,male,S,Mr,0
763,20.0,7.2292,1,3,male,C,Mr,1
16,55.0,16.0,1,2,female,S,Mrs,1
230,21.5,25.4667,5,3,female,S,Miss,0
244,22.0,7.125,1,3,male,S,Mr,0
773,57.0,10.5,1,2,female,S,Mrs,0
478,29.0,7.0458,2,3,male,S,Mr,0
70,26.0,8.6625,3,3,male,S,Mr,0
564,25.0,8.05,1,3,male,S,Mr,0
578,39.0,55.9,2,1,female,S,Mrs,1
520,32.0,7.8958,1,3,male,S,Mr,0
80,30.0,12.475,1,3,female,S,Miss,1
62,38.0,80.0,1,1,female,S,Miss,1
739,25.0,7.8958,1,3,male,S,Mr,0
787,18.0,7.4958,1,3,female,S,Miss,1
616,24.0,65.0,4,2,female,S,Miss,1
11,4.0,16.7,3,3,female,S,Miss,1
377,22.0,7.25,1,3,female,S,Miss,1
29,21.5,7.8792,1,3,female,Q,Miss,1
399,23.0,10.5,1,2,male,S,Others,0
689,18.0,7.7958,1,3,male,S,Mr,0
271,40.0,31.0,1,1,male,S,Mr,0
882,33.0,7.8958,1,3,male,S,Mr,0
238,8.0,26.25,3,2,female,S,Miss,1
1,22.0,7.25,2,3,male,S,Mr,0
573,36.0,26.3875,1,1,male,S,Mr,1
667,25.0,13.0,1,2,male,S,Mr,0
284,19.0,8.05,1,3,male,S,Mr,1
889,21.5,23.45,4,3,female,S,Miss,0
391,36.0,120.0,4,1,male,S,Mr,1
530,23.0,11.5,4,2,male,S,Mr,0
568,29.0,21.075,5,3,female,S,Mrs,0
173,1.0,11.1333,3,3,female,S,Miss,1
848,35.0,7.8958,1,3,male,C,Mr,0
118,29.0,21.0,2,2,male,S,Mr,0
237,44.0,26.0,2,2,male,S,Mr,0
742,36.0,78.85,2,1,male,S,Mr,0
602,25.0,7.8958,1,3,male,S,Mr,0
826,25.0,6.95,1,3,male,Q,Mr,0
392,21.0,7.7958,1,3,male,S,Mr,1
283,16.0,9.5,1,3,male,S,Mr,0
721,6.0,33.0,2,2,female,S,Miss,1
430,32.0,8.05,1,3,male,S,Mr,1
823,38.0,0.0,1,1,male,S,Others,0
313,26.0,26.0,3,2,female,S,Mrs,0
497,54.0,78.2667,2,1,female,C,Miss,1
186,40.0,50.0,1,1,male,S,Mr,0
31,40.0,27.7208,1,1,male,C,Others,0
289,42.0,13.0,1,2,male,S,Mr,1
282,28.0,7.8542,1,3,male,S,Mr,0
4,35.0,53.1,2,1,female,S,Mrs,1
372,18.0,6.4958,2,3,male,S,Mr,0
835,18.0,8.3,1,3,male,S,Mr,0
183,9.0,31.3875,7,3,male,S,Master,0
190,36.0,7.8958,1,3,male,S,Mr,0
643,2.0,27.9,6,3,female,S,Miss,0
885,25.0,7.05,1,3,male,S,Mr,0
583,54.0,26.0,1,2,male,S,Mr,0
148,9.0,34.375,5,3,female,S,Miss,0
631,80.0,30.0,1,1,male,S,Mr,1
610,40.0,153.4625,1,1,female,S,Miss,1
338,41.0,134.5,1,1,female,C,Miss,1
317,24.0,26.0,2,2,female,S,Mrs,1
81,22.0,9.0,1,3,male,S,Mr,0
782,17.0,57.0,2,1,female,S,Mrs,1
168,45.0,27.9,6,3,female,S,Mrs,0
132,20.0,7.05,1,3,male,S,Mr,0
592,52.0,78.2667,2,1,female,C,Mrs,1
364,35.0,7.05,1,3,male,S,Mr,0
799,30.0,7.2292,1,3,male,C,Mr,0
49,25.0,21.6792,3,3,male,C,Mr,0
225,38.0,90.0,2,1,male,S,Mr,1
241,21.5,14.4542,2,3,female,C,Miss,0
807,39.0,0.0,1,1,male,S,Mr,0
216,31.0,113.275,2,1,female,C,Miss,1
479,22.0,7.5208,1,3,male,S,Mr,0
841,20.0,7.925,1,3,male,S,Mr,0
709,22.0,151.55,1,1,female,S,Miss,1
316,26.0,7.8542,1,3,female,S,Miss,1
876,15.0,7.225,1,3,female,C,Miss,1
207,32.0,15.85,2,3,male,S,Mr,0
258,30.0,86.5,1,1,female,S,Miss,1
99,34.0,23.0,2,2,female,S,Mrs,1
574,21.5,7.75,1,3,female,Q,Miss,1
789,1.0,20.575,4,3,male,S,Master,1
563,28.0,13.5,1,2,male,S,Mr,0
521,30.0,93.5,1,1,female,S,Miss,1
213,22.0,7.25,1,3,male,S,Mr,0
437,21.0,34.375,5,3,female,S,Miss,0
293,36.0,12.875,1,2,male,C,Mr,0
562,40.0,7.8958,1,3,male,S,Mr,0
828,1.0,37.0042,3,2,male,C,Master,1
189,40.0,15.5,3,3,male,Q,Mr,0
101,28.0,7.8958,1,3,female,S,Miss,0
347,40.0,13.0,1,2,female,S,Miss,1
698,21.5,7.7333,1,3,female,Q,Miss,1
322,27.0,7.8958,1,3,male,S,Mr,0
311,24.0,83.1583,1,1,female,C,Miss,1
59,5.0,27.75,4,2,female,S,Miss,1
203,34.0,6.4958,1,3,male,S,Mr,0
394,23.0,113.275,2,1,female,C,Miss,1
117,70.5,7.75,1,3,male,Q,Mr,0
69,17.0,7.925,7,3,female,S,Miss,1
330,16.0,57.9792,2,1,female,C,Miss,1
68,19.0,8.1583,1,3,male,S,Mr,0
786,25.0,7.25,1,3,male,S,Mr,0
499,25.0,151.55,4,1,female,S,Mrs,0
36,42.0,52.0,2,1,male,S,Mr,0
174,21.0,7.925,1,3,male,S,Mr,0
224,25.0,7.8958,1,3,male,S,Mr,0
278,30.0,0.0,1,2,male,S,Mr,0
690,15.0,211.3375,2,1,female,S,Miss,1
130,45.0,6.975,1,3,male,S,Mr,0
452,25.0,19.9667,2,3,male,S,Mr,0
268,25.0,7.775,2,3,male,S,Mr,1
873,33.0,5.0,1,1,male,S,Mr,0
636,28.0,13.0,1,2,female,S,Miss,1
666,32.0,73.5,3,2,male,S,Mr,0
890,26.0,30.0,1,1,male,C,Mr,1
105,37.0,7.925,3,3,male,S,Mr,0
178,50.0,28.7125,1,1,female,C,Miss,0
545,50.0,106.425,2,1,male,C,Mr,0
681,21.5,8.1375,1,3,female,Q,Miss,0
477,34.0,21.0,2,2,male,S,Mr,0
360,21.5,7.8792,1,3,female,Q,Miss,1
259,35.0,512.3292,1,1,female,C,Miss,1
737,48.0,34.375,5,3,female,S,Mrs,0
463,47.0,38.5,1,1,male,S,Mr,0
508,40.0,26.55,1,1,male,S,Mr,1
